id,first_name,last_name,email,gender,ip_address
1,Nevil,Stiant,nstiant0@topsy.com,Male,224.7.202.221
2,Delainey,Forrest,dforrest1@si.edu,Male,82.14.222.24
3,Teirtza,Deetlefs,tdeetlefs2@uol.com.br,Non-binary,64.149.12.30
4,Nevile,Valerius,nvalerius3@umn.edu,Male,69.168.158.44
5,Zak,O'Henehan,zohenehan4@ameblo.jp,Male,251.146.68.8
14,Sloane,Rosoman,srosomand@cpanel.net,Male,189.16.216.230
15,Sacha,Lilion,slilione@admin.ch,Female,76.48.246.100
16,Felicio,Agnew,fagnewf@wix.com,Male,162.208.55.31
17,Michail,Cammacke,mcammackeg@springer.com,Male,236.220.177.195
18,Claretta,Gregh,cgreghh@guardian.co.uk,Female,191.56.237.110
19,Eirena,Hainey,ehaineyi@dion.ne.jp,Agender,242.61.152.41
20,Simeon,Eastcourt,seastcourtj@addtoany.com,Male,204.238.162.72
21,Christian,Gowers,cgowersk@cnn.com,Male,192.203.175.190
22,Norris,Verheijden,nverheijdenl@flickr.com,Male,212.235.230.240
23,Chelsie,Vernazza,cvernazzam@scientificamerican.com,Female,135.203.155.131
24,Adeline,Spottiswoode,aspottiswooden@cargocollective.com,Agender,179.222.100.197
25,Grete,Berthelmot,gberthelmoto@wix.com,Polygender,115.205.62.171
26,Abby,Jansens,ajansensp@ft.com,Male,183.205.243.175
27,Faunie,Cockings,fcockingsq@blogger.com,Female,225.243.149.179
28,Laure,Govan,lgovanr@bandcamp.com,Female,7.138.191.64
29,Sallee,Guilliland,sguillilands@reuters.com,Female,200.137.66.48
30,Zacharias,Abrahams,zabrahamst@scribd.com,Non-binary,143.27.61.142
31,Korella,Norcliff,knorcliffu@google.nl,Female,78.51.67.72
32,Celinda,Peterkin,cpeterkinv@simplemachines.org,Female,8.119.221.126
33,Elinore,Obispo,eobispow@nasa.gov,Female,161.124.54.31
34,Mickey,Doreward,mdorewardx@elegantthemes.com,Male,85.221.39.99
35,Towny,McDonough,tmcdonoughy@umich.edu,Male,217.232.75.13
36,Jojo,Kornyakov,jkornyakovz@senate.gov,Female,190.239.218.75
37,Hillard,Shiril,hshiril10@networksolutions.com,Male,234.68.28.148
38,Piper,Sarah,psarah11@furl.net,Female,154.164.99.195
39,Paolina,Patriskson,ppatriskson12@soundcloud.com,Female,23.177.11.97
40,Archibald,Aarons,aaarons13@ycombinator.com,Male,246.150.94.131
41,Veronique,Quarlis,vquarlis14@twitpic.com,Female,86.9.24.214
42,Winifred,Tuffin,wtuffin15@netvibes.com,Genderqueer,139.223.162.100
43,Gayel,Lassey,glassey16@linkedin.com,Female,230.53.142.111
44,Lorianne,Kettridge,lkettridge17@hp.com,Agender,159.106.81.6
45,Ryann,Younge,ryounge18@pcworld.com,Female,95.184.172.28
46,Rebekah,Slorach,rslorach19@posterous.com,Female,121.71.198.53
47,Orland,Lanfer,olanfer1a@dmoz.org,Male,209.74.167.40
48,Luther,O'Lenane,lolenane1b@symantec.com,Male,246.143.157.184
49,Lewiss,Morey,lmorey1c@sciencedaily.com,Male,226.5.1.255
50,Marje,Syde,msyde1d@slate.com,Female,245.146.239.35
51,Fania,Thornton-Dewhirst,fthorntondewhirst1e@qq.com,Female,114.183.230.137
52,Diane,Reubens,dreubens1f@t.co,Female,94.61.111.211
53,Bastien,Lerwell,blerwell1g@tinypic.com,Male,175.37.126.229
54,Zulema,Shimmings,zshimmings1h@sciencedaily.com,Female,115.95.146.239
55,Eustace,Prahm,eprahm1i@elpais.com,Male,236.166.86.171
56,Kandy,Jaksic,kjaksic1j@aol.com,Female,255.94.36.192
57,Gianina,Danilovic,gdanilovic1k@quantcast.com,Female,213.230.115.49
58,Lawrence,Nodes,lnodes1l@pen.io,Male,253.167.220.44
59,Baily,Linning,blinning1m@howstuffworks.com,Male,243.77.165.191
60,Stanislas,Sijmons,ssijmons1n@phoca.cz,Male,224.233.31.28
61,Jamal,Pymer,jpymer1o@google.co.jp,Male,5.96.72.91
62,Shepperd,Pree,spree1p@qq.com,Male,171.187.206.138
63,Brenn,Engelbrecht,bengelbrecht1q@zdnet.com,Female,213.114.96.101
64,Sid,Alyokhin,salyokhin1r@wsj.com,Male,69.237.54.6
65,Lorry,Luter,lluter1s@youtu.be,Male,35.53.46.164
66,Megan,Bernakiewicz,mbernakiewicz1t@jugem.jp,Female,218.102.41.27
67,Lance,Gerran,lgerran1u@wikia.com,Male,28.97.35.225
68,Allyn,Shawley,ashawley1v@cdbaby.com,Female,220.221.205.65
69,Cortney,Tomsa,ctomsa1w@amazon.com,Female,79.148.72.216
70,Arri,Bunworth,abunworth1x@who.int,Male,139.59.58.8
71,Alfy,Peterken,apeterken1y@e-recht24.de,Male,36.115.160.126
72,Gustavo,O'Cahill,gocahill1z@sogou.com,Male,227.24.157.201
73,Munroe,Firmin,mfirmin20@google.fr,Male,176.34.127.17
74,Eldin,Steventon,esteventon21@hhs.gov,Male,44.202.222.190
75,Georgia,Keuntje,gkeuntje22@blog.com,Female,230.245.138.186
76,Elyse,Stathers,estathers23@is.gd,Female,250.134.103.43
77,Ashleigh,Trighton,atrighton24@google.es,Female,127.97.135.52
78,Kamilah,Gerckens,kgerckens25@parallels.com,Female,59.216.122.151
79,Rosmunda,Vautrey,rvautrey26@mozilla.org,Female,170.14.164.75
80,Borg,McDougald,bmcdougald27@hugedomains.com,Male,38.199.29.124
81,Garrot,Cummings,gcummings28@cbsnews.com,Polygender,0.31.191.174
82,Janek,Costar,jcostar29@fema.gov,Male,80.60.228.13
83,Chloe,Peat,cpeat2a@taobao.com,Female,168.177.234.42
84,Niall,Hugnet,nhugnet2b@smugmug.com,Non-binary,249.44.148.200
85,Clem,Lawday,clawday2c@noaa.gov,Male,76.190.22.207
86,Lotty,Ferrelli,lferrelli2d@goo.ne.jp,Female,58.224.215.254
87,Ailee,Huffey,ahuffey2e@netlog.com,Female,207.52.8.205
88,Malinde,Zavattiero,mzavattiero2f@gov.uk,Female,234.115.15.83
89,Gwynne,Matuska,gmatuska2g@scientificamerican.com,Female,104.154.43.99
90,Emeline,Snowding,esnowding2h@princeton.edu,Female,40.123.136.171
91,Kristofor,Miguel,kmiguel2i@feedburner.com,Male,117.98.215.141
92,Eloise,Antal,eantal2j@deviantart.com,Female,106.180.138.184
93,Moore,Seilmann,mseilmann2k@jiathis.com,Male,146.182.97.45
94,Clementine,Midner,cmidner2l@constantcontact.com,Female,78.139.177.233
95,Trixy,Arthurs,tarthurs2m@liveinternet.ru,Female,158.125.7.38
96,Ransom,Blazej,rblazej2n@wikimedia.org,Polygender,22.147.85.105
97,Crysta,Benoey,cbenoey2o@sfgate.com,Female,170.40.246.120
98,Saloma,Dady,sdady2p@mapquest.com,Female,203.27.147.33
99,Fleur,Hoggin,fhoggin2q@tripod.com,Female,215.29.246.164
100,Chiquita,Grishaev,cgrishaev2r@fda.gov,Female,206.12.136.29
101,Moreen,Fairlaw,mfairlaw2s@senate.gov,Female,95.233.182.135
102,Tabbatha,Ditch,tditch2t@prweb.com,Female,236.87.6.130
103,Doloritas,Letrange,dletrange2u@typepad.com,Bigender,168.89.90.215
104,Lucienne,Brealey,lbrealey2v@google.com.au,Female,255.61.181.185
105,Vita,Tynnan,vtynnan2w@about.me,Female,1.138.31.10
106,Sibella,Lacase,slacase2x@fc2.com,Female,105.252.34.221
107,Demott,O'Lennachain,dolennachain2y@netvibes.com,Male,32.233.84.194
108,Lynsey,Oleszkiewicz,loleszkiewicz2z@fastcompany.com,Female,179.182.117.98
109,Reine,Grasner,rgrasner30@pagesperso-orange.fr,Female,1.108.64.142
110,Garv,Deeman,gdeeman31@yellowbook.com,Male,97.250.123.171
111,Lyle,Gilstoun,lgilstoun32@google.de,Male,153.228.247.111
112,Star,Presidey,spresidey33@chronoengine.com,Female,174.29.72.100
113,Oswald,Gothup,ogothup34@uiuc.edu,Genderfluid,48.248.169.96
114,Tamera,McNulty,tmcnulty35@elpais.com,Female,244.54.56.96
115,Sheppard,Ringe,sringe36@i2i.jp,Male,104.153.213.196
116,Bianka,Whalley,bwhalley37@ca.gov,Female,187.221.166.189
117,Thain,Logsdail,tlogsdail38@biblegateway.com,Male,174.123.42.39
118,Charley,Noseworthy,cnoseworthy39@blinklist.com,Male,111.20.181.66
119,Carline,Skypp,cskypp3a@bbc.co.uk,Female,97.235.64.115
120,Trenna,Yegorchenkov,tyegorchenkov3b@usgs.gov,Female,220.93.28.3
121,Maryellen,Miguet,mmiguet3c@adobe.com,Female,24.225.211.164
122,Liza,Longworthy,llongworthy3d@reddit.com,Female,140.83.37.2
123,Leigh,Nanson,lnanson3e@cnbc.com,Male,213.250.230.155
124,Gerhardt,Abry,gabry3f@google.com,Male,14.109.190.6
125,Rodney,Rodders,rrodders3g@cam.ac.uk,Male,183.91.190.175
126,Alayne,Brooker,abrooker3h@usnews.com,Female,215.91.160.112
127,Regine,Dowe,rdowe3i@google.cn,Female,40.50.188.101
128,Carmel,Tripon,ctripon3j@quantcast.com,Female,87.50.72.238
129,Myrlene,d'Arcy,mdarcy3k@mail.ru,Female,110.175.225.252
130,Celesta,Weinberg,cweinberg3l@pinterest.com,Female,11.213.11.84
131,Sherwin,Traise,straise3m@istockphoto.com,Male,220.228.31.140
132,Anette,Pittway,apittway3n@uol.com.br,Female,186.171.117.183
133,Karrie,Waleworke,kwaleworke3o@surveymonkey.com,Female,249.89.237.3
134,Judas,Laybourn,jlaybourn3p@sourceforge.net,Male,209.28.186.182
135,Iseabal,Adamo,iadamo3q@baidu.com,Genderfluid,31.120.92.94
136,Justen,MacInnes,jmacinnes3r@amazon.de,Male,188.211.193.165
137,Glyn,Lightowlers,glightowlers3s@ask.com,Female,36.222.157.252
138,Meier,MacIlory,mmacilory3t@tuttocitta.it,Male,129.48.160.26
139,Lew,Jzak,ljzak3u@dmoz.org,Male,205.97.176.149
140,Delora,Winston,dwinston3v@google.fr,Female,250.192.66.196
141,Jilleen,Allabarton,jallabarton3w@sphinn.com,Female,146.165.26.109
142,Dana,Gristwood,dgristwood3x@usa.gov,Male,51.36.208.203
143,Jerald,Campbell-Dunlop,jcampbelldunlop3y@cdc.gov,Male,118.220.238.54
144,Rhett,Abate,rabate3z@google.nl,Male,4.110.98.167
145,Teresa,Waren,twaren40@marketwatch.com,Female,70.33.224.127
146,Paolina,Beare,pbeare41@vinaora.com,Female,35.101.219.125
147,Charlotte,Darbyshire,cdarbyshire42@oakley.com,Female,170.220.145.6
148,Jereme,Ughini,jughini43@who.int,Male,30.63.160.17
149,Sherm,Sudron,ssudron44@mysql.com,Male,144.8.107.18
150,Axel,Robberts,arobberts45@wisc.edu,Male,160.154.46.121
151,Lenora,Nys,lnys46@nydailynews.com,Female,225.202.15.194
152,Wain,Jendricke,wjendricke47@vimeo.com,Agender,161.96.238.91
153,Eddie,Pioch,epioch48@comcast.net,Female,102.221.1.100
154,Pansie,Collidge,pcollidge49@purevolume.com,Female,48.41.83.222
155,Nadean,Wehnerr,nwehnerr4a@google.ru,Female,92.157.255.241
156,Alicia,Manicomb,amanicomb4b@twitter.com,Female,185.205.203.202
157,Vivienne,Jinda,vjinda4c@xing.com,Female,195.133.57.203
158,Hilliard,Pecey,hpecey4d@zdnet.com,Male,168.120.115.37
159,Torrey,Pristnor,tpristnor4e@statcounter.com,Male,42.169.242.61
160,Winny,Hardy-Piggin,whardypiggin4f@kickstarter.com,Female,5.36.37.187
161,Camille,Sreenan,csreenan4g@foxnews.com,Female,2.97.10.22
162,Chandal,Buxsey,cbuxsey4h@typepad.com,Female,199.242.15.145
163,Janka,Rubie,jrubie4i@bigcartel.com,Female,118.129.214.188
164,Lindsay,Pepineaux,lpepineaux4j@dropbox.com,Non-binary,53.146.150.234
165,Tyrus,MacConnel,tmacconnel4k@china.com.cn,Male,223.139.173.110
166,Simonne,Johann,sjohann4l@google.es,Female,101.194.69.254
167,Bradford,Heeps,bheeps4m@wp.com,Male,81.229.81.218
168,Carson,Bellie,cbellie4n@symantec.com,Male,77.224.151.177
169,Rudolfo,Antoniutti,rantoniutti4o@drupal.org,Male,223.64.236.198
170,Foss,Swatradge,fswatradge4p@youtube.com,Male,131.221.151.94
171,Adeline,Mohammad,amohammad4q@webmd.com,Female,17.124.140.135
172,Tierney,Stallan,tstallan4r@seesaa.net,Female,57.114.159.40
173,Shannan,Hughman,shughman4s@opera.com,Male,217.255.229.243
174,Denny,Mansell,dmansell4t@gov.uk,Male,16.38.37.94
175,Emlynn,Argo,eargo4u@hc360.com,Female,102.202.214.21
176,Dougy,Anshell,danshell4v@blogspot.com,Male,14.112.228.82
177,Clay,Delucia,cdelucia4w@paypal.com,Male,48.115.255.76
178,Sigvard,Haith,shaith4x@gnu.org,Male,250.240.2.153
179,Vernor,Loveitt,vloveitt4y@github.io,Male,91.187.65.54
180,Ned,Lewzey,nlewzey4z@ucoz.ru,Male,193.9.61.126
181,Palmer,Carnilian,pcarnilian50@shareasale.com,Male,35.4.142.187
182,Roxine,Woodburn,rwoodburn51@cbc.ca,Female,63.38.143.159
183,Jed,Endon,jendon52@wikimedia.org,Male,39.163.122.220
184,Micheal,McOrkill,mmcorkill53@rambler.ru,Male,34.123.31.80
185,Dominick,Cullen,dcullen54@taobao.com,Male,108.112.124.135
186,Anselma,Keson,akeson55@naver.com,Female,116.206.8.92
187,Otha,Bilbrey,obilbrey56@intel.com,Non-binary,25.191.144.39
188,Leontine,Bodsworth,lbodsworth57@hc360.com,Female,214.144.172.173
189,Launce,Bemrose,lbemrose58@cnn.com,Male,170.220.7.130
190,Conrad,Yeude,cyeude59@java.com,Male,41.138.24.28
191,Cora,Bellis,cbellis5a@tuttocitta.it,Bigender,4.46.222.106
192,Kellyann,Bromhead,kbromhead5b@livejournal.com,Female,93.216.23.230
193,Lyndsay,Windridge,lwindridge5c@bbb.org,Female,198.161.94.229
194,Paige,Fishley,pfishley5d@tmall.com,Female,177.58.68.115
195,Cathyleen,Organer,corganer5e@intel.com,Female,26.225.12.177
196,Salim,Garmston,sgarmston5f@zdnet.com,Male,75.244.236.94
197,Nicolea,Glazebrook,nglazebrook5g@gov.uk,Female,154.7.165.39
198,Enrico,Merigot,emerigot5h@google.pl,Male,84.78.144.104
199,Nat,Bernlin,nbernlin5i@narod.ru,Male,118.192.106.203
200,Xavier,Wingham,xwingham5j@csmonitor.com,Male,190.87.108.71
201,Maureen,Mattiazzo,mmattiazzo5k@google.com.au,Female,85.91.39.9
202,Sonya,Tessier,stessier5l@bbb.org,Female,174.190.116.210
203,Crissie,Davie,cdavie5m@jiathis.com,Female,103.124.238.82
204,Marjie,Meugens,mmeugens5n@indiatimes.com,Female,15.19.243.119
205,Caril,Staden,cstaden5o@wired.com,Female,250.198.74.27
206,Albertine,Orteau,aorteau5p@wikimedia.org,Female,14.60.17.54
207,Mozes,Teas,mteas5q@ebay.com,Male,160.43.190.200
208,Kippie,Tapping,ktapping5r@rediff.com,Female,144.245.87.226
209,Stanly,Tadgell,stadgell5s@mayoclinic.com,Male,170.9.63.169
210,Lavinia,Vertigan,lvertigan5t@topsy.com,Female,219.81.31.89
211,Jonathan,Haskur,jhaskur5u@apache.org,Male,90.71.108.162
212,Idalia,Riccelli,iriccelli5v@ft.com,Female,89.226.236.130
213,Annaliese,Finnimore,afinnimore5w@dell.com,Female,55.54.31.90
214,Mickie,Iacomettii,miacomettii5x@bloomberg.com,Male,203.100.70.44
215,Mathew,Brashier,mbrashier5y@smh.com.au,Male,16.118.201.51
216,Friedrick,Lacasa,flacasa5z@disqus.com,Male,198.75.6.143
217,Cassie,Claxton,cclaxton60@google.com.au,Male,171.24.12.100
218,Tine,Wicken,twicken61@arizona.edu,Female,225.243.142.235
219,Brunhilda,Velti,bvelti62@com.com,Non-binary,229.79.225.38
220,Lennie,Dumini,ldumini63@hexun.com,Male,217.134.124.116
221,Ajay,Zimmer,azimmer64@flickr.com,Female,166.38.68.67
222,Alla,MacCathay,amaccathay65@usatoday.com,Female,128.228.119.80
223,Tamarra,Buggs,tbuggs66@wunderground.com,Female,49.124.80.200
224,Urbano,MacLaughlin,umaclaughlin67@stumbleupon.com,Male,172.113.142.19
225,Arin,Tearney,atearney68@reuters.com,Male,32.2.228.143
226,Devlen,Farady,dfarady69@cpanel.net,Male,127.101.203.54
227,Eduardo,Sayles,esayles6a@uiuc.edu,Male,180.216.148.65
228,Claresta,Francillo,cfrancillo6b@businessinsider.com,Female,156.52.204.164
229,Honor,MacWhan,hmacwhan6c@apache.org,Genderfluid,27.26.238.25
230,Maureene,Delort,mdelort6d@reddit.com,Female,86.164.186.174
231,Georges,MacCaghan,gmaccaghan6e@artisteer.com,Male,165.153.4.14
232,Spence,Pauling,spauling6f@apache.org,Male,142.124.226.211
233,Halsy,Payne,hpayne6g@desdev.cn,Male,68.86.240.168
234,Kip,O'Gormally,kogormally6h@soup.io,Male,179.175.29.141
235,Ursa,Pfeifer,upfeifer6i@acquirethisname.com,Bigender,45.135.1.190
236,Taffy,Minget,tminget6j@eventbrite.com,Female,247.42.146.203
237,Gretta,De Hooge,gdehooge6k@taobao.com,Female,107.68.1.37
238,Hanan,Chaudrelle,hchaudrelle6l@gizmodo.com,Male,218.163.16.103
239,Pearle,Barkaway,pbarkaway6m@latimes.com,Female,56.225.8.36
240,Gwennie,Jouning,gjouning6n@vimeo.com,Female,241.164.235.182
241,Lucy,Jacox,ljacox6o@unicef.org,Female,186.111.71.235
242,Silvan,Insall,sinsall6p@nsw.gov.au,Male,129.187.7.132
243,Miguela,Greenacre,mgreenacre6q@vk.com,Female,81.106.63.33
244,Burt,Tott,btott6r@japanpost.jp,Male,192.77.182.93
245,Obediah,Finicj,ofinicj6s@dedecms.com,Male,27.65.149.18
246,Loretta,Gonnin,lgonnin6t@cam.ac.uk,Female,222.230.229.133
247,Oliviero,Freshwater,ofreshwater6u@pagesperso-orange.fr,Male,6.180.226.29
248,Yvette,Sodo,ysodo6v@dropbox.com,Female,179.15.54.214
249,Julia,Lody,jlody6w@cbsnews.com,Female,12.24.176.169
250,Sophie,Lille,slille6x@sogou.com,Female,57.14.2.91
251,Evered,Pockey,epockey6y@slate.com,Male,117.71.2.193
252,Germana,Parlatt,gparlatt6z@businessweek.com,Female,94.59.186.72
253,Camilla,Village,cvillage70@odnoklassniki.ru,Female,133.217.201.135
254,Boycey,Paulley,bpaulley71@cyberchimps.com,Male,229.134.127.185
255,Consuelo,Spavins,cspavins72@i2i.jp,Genderfluid,29.103.242.83
256,Sindee,McLay,smclay73@163.com,Female,239.195.249.118
257,Jacob,Rome,jrome74@histats.com,Male,80.11.9.149
258,Calli,Comins,ccomins75@amazon.de,Female,143.48.168.133
259,Corbett,Rosevear,crosevear76@ameblo.jp,Male,138.153.249.122
260,Debbie,Lambin,dlambin77@imageshack.us,Female,104.83.253.209
261,Esther,Ramsden,eramsden78@technorati.com,Female,91.124.92.110
262,Latashia,Patry,lpatry79@google.pl,Female,154.237.103.37
263,Alisha,Notley,anotley7a@facebook.com,Female,174.48.214.118
264,Myron,Ioselevich,mioselevich7b@jimdo.com,Male,248.73.126.179
265,Herculie,Fanning,hfanning7c@accuweather.com,Male,148.207.130.53
266,Barnabe,Sappson,bsappson7d@mozilla.org,Male,173.178.234.138
267,Tammie,Storrier,tstorrier7e@shop-pro.jp,Agender,178.114.26.118
268,Remus,Law,rlaw7f@virginia.edu,Male,253.56.218.177
269,Ansell,Alvis,aalvis7g@phoca.cz,Male,113.52.127.220
270,Shayna,Jakel,sjakel7h@squidoo.com,Female,184.127.41.216
271,Ferd,Cradey,fcradey7i@spiegel.de,Male,23.73.161.138
272,Aubrey,Gillion,agillion7j@state.gov,Male,97.239.236.119
273,Pennie,Barstow,pbarstow7k@technorati.com,Male,182.250.181.10
274,Russell,Grise,rgrise7l@mac.com,Male,32.227.16.219
275,Jeanelle,Tromans,jtromans7m@ifeng.com,Female,158.108.213.77
276,Yevette,Merrell,ymerrell7n@cargocollective.com,Female,72.78.132.58
277,Yorke,Izachik,yizachik7o@cdbaby.com,Male,13.184.252.181
278,Melantha,Rigeby,mrigeby7p@sourceforge.net,Polygender,110.181.242.238
279,Artus,Sollom,asollom7q@1688.com,Male,39.201.246.212
280,Krishnah,Geeritz,kgeeritz7r@studiopress.com,Male,202.49.180.27
281,Peg,Elmore,pelmore7s@flavors.me,Female,119.167.124.50
282,Rhea,Grunson,rgrunson7t@google.com,Female,105.96.168.167
283,Torrence,Iannini,tiannini7u@stumbleupon.com,Non-binary,91.60.192.89
284,Shandie,McCritchie,smccritchie7v@biglobe.ne.jp,Female,81.238.125.56
285,Gian,Feronet,gferonet7w@edublogs.org,Bigender,90.128.134.251
286,Giulio,Flory,gflory7x@jimdo.com,Male,6.95.236.84
287,Robbie,Esp,resp7y@answers.com,Male,183.140.150.213
288,Napoleon,Bohling,nbohling7z@blogspot.com,Agender,252.221.190.27
289,Ortensia,Stubbington,ostubbington80@lycos.com,Genderfluid,63.55.8.148
290,Konstantine,Going,kgoing81@csmonitor.com,Male,179.246.109.64
291,Aldwin,Coast,acoast82@yahoo.com,Male,139.107.122.134
292,Jacenta,Doddridge,jdoddridge83@mit.edu,Female,55.21.98.77
293,Jamie,O'Fallowne,jofallowne84@ucsd.edu,Female,197.64.62.192
294,Derk,Lapwood,dlapwood85@techcrunch.com,Male,249.254.159.53
295,Alon,Dreinan,adreinan86@rakuten.co.jp,Male,31.156.49.205
296,Alick,Bloan,abloan87@mysql.com,Male,36.26.49.190
297,Isidore,Powys,ipowys88@sina.com.cn,Male,69.24.52.233
298,Sawyer,Sephton,ssephton89@ox.ac.uk,Male,17.131.188.61
299,Gilberte,Burdus,gburdus8a@about.com,Female,44.17.32.32
300,Kora,Greenroyd,kgreenroyd8b@1688.com,Female,184.87.39.156
301,Bartholomew,Paullin,bpaullin8c@chron.com,Male,203.227.124.130
302,Koo,Bigg,kbigg8d@ca.gov,Female,50.206.164.34
303,Leon,Layus,llayus8e@constantcontact.com,Male,143.219.80.35
304,Coraline,Barwack,cbarwack8f@tripadvisor.com,Female,127.94.45.123
305,Gillie,Alenikov,galenikov8g@gov.uk,Female,2.194.61.120
306,Rosamond,Dewerson,rdewerson8h@narod.ru,Female,225.194.143.12
307,Rose,Plowright,rplowright8i@spotify.com,Female,101.141.131.241
308,Darsie,Aldie,daldie8j@yale.edu,Female,240.88.172.18
309,Jackquelin,Pohl,jpohl8k@nih.gov,Genderqueer,16.6.255.57
310,Huberto,Houltham,hhoultham8l@accuweather.com,Male,84.241.144.124
311,Esther,Christofol,echristofol8m@state.gov,Female,218.215.194.160
312,Hedy,MacNeill,hmacneill8n@qq.com,Bigender,66.156.172.193
313,Kordula,Bowfin,kbowfin8o@techcrunch.com,Female,187.83.5.101
314,Arliene,Gell,agell8p@unblog.fr,Female,179.135.213.255
315,Jeremiah,Giggs,jgiggs8q@dedecms.com,Genderqueer,217.60.112.169
316,Parsifal,Johnston,pjohnston8r@usa.gov,Male,227.20.48.44
317,Gayla,Druett,gdruett8s@hc360.com,Female,49.91.186.16
318,Lesley,Quinell,lquinell8t@stumbleupon.com,Female,193.253.121.231
319,Devin,Hilland,dhilland8u@bandcamp.com,Male,75.33.47.130
320,Patience,Martinelli,pmartinelli8v@wikimedia.org,Bigender,161.188.106.4
321,Grenville,Wixey,gwixey8w@elpais.com,Male,94.20.21.7
322,Addie,Durie,adurie8x@accuweather.com,Polygender,115.206.190.11
323,Ali,Growden,agrowden8y@google.de,Female,208.62.105.195
324,Estevan,Scruton,escruton8z@sourceforge.net,Male,59.146.158.78
325,Paula,Warmington,pwarmington90@icio.us,Polygender,149.157.222.211
326,Candice,Tees,ctees91@sbwire.com,Female,211.212.96.216
327,Nickie,Dood,ndood92@forbes.com,Male,20.132.80.110
328,Marcel,Billin,mbillin93@cnbc.com,Bigender,189.91.170.203
329,Anabelle,Syseland,asyseland94@usa.gov,Female,25.238.180.67
330,Mariska,Hayter,mhayter95@constantcontact.com,Female,206.56.37.9
331,Olympia,Quilliam,oquilliam96@smh.com.au,Female,157.202.168.177
332,Renaldo,Picker,rpicker97@addthis.com,Male,35.36.49.203
333,Ker,Schout,kschout98@usa.gov,Male,20.37.105.221
334,Sheree,Harkus,sharkus99@reference.com,Female,146.49.30.97
335,Tine,Whilder,twhilder9a@redcross.org,Female,111.243.104.132
336,Charleen,Brittles,cbrittles9b@themeforest.net,Non-binary,176.147.191.171
337,Lester,Verdun,lverdun9c@paypal.com,Male,219.195.82.231
338,Martynne,Albarez,malbarez9d@newsvine.com,Female,98.121.68.238
339,Rodge,Shorten,rshorten9e@squarespace.com,Male,102.75.67.93
340,Euell,Claringbold,eclaringbold9f@dedecms.com,Male,165.4.66.241
341,Marjorie,Wegenen,mwegenen9g@cmu.edu,Female,184.198.149.4
342,Imelda,McElory,imcelory9h@smh.com.au,Female,60.102.177.211
343,Welsh,Stoneley,wstoneley9i@toplist.cz,Genderfluid,213.23.62.128
344,Lewiss,Cape,lcape9j@scribd.com,Male,202.214.105.34
345,Cheslie,Cecchetelli,ccecchetelli9k@last.fm,Female,22.193.54.28
346,Brook,Macieiczyk,bmacieiczyk9l@gnu.org,Female,86.237.203.191
347,Marilyn,Guerner,mguerner9m@google.com.hk,Female,98.203.59.119
348,Falkner,Daft,fdaft9n@globo.com,Male,217.126.136.202
349,Murry,Sherington,msherington9o@timesonline.co.uk,Male,242.229.63.124
350,Murry,McWaters,mmcwaters9p@slideshare.net,Male,230.10.222.104
351,Gibby,Duddle,gduddle9q@devhub.com,Agender,100.61.34.54
352,Iris,Kinnon,ikinnon9r@ycombinator.com,Female,24.38.189.103
353,Kit,Boothman,kboothman9s@istockphoto.com,Male,48.227.175.29
354,Aloysia,Fever,afever9t@va.gov,Female,251.23.48.115
355,D'arcy,Rupp,drupp9u@accuweather.com,Male,59.254.95.159
356,Rhys,Varah,rvarah9v@toplist.cz,Male,225.127.157.94
357,Gilda,Terren,gterren9w@businesswire.com,Female,3.222.78.191
358,Kris,Najara,knajara9x@4shared.com,Female,226.107.101.5
359,Mellisa,Winram,mwinram9y@bloomberg.com,Female,236.128.230.214
360,Glenden,Bilyard,gbilyard9z@irs.gov,Agender,66.134.74.4
361,Reagan,Skitterel,rskitterela0@mozilla.com,Male,166.217.0.206
362,Christie,Duesbury,cduesburya1@oracle.com,Male,60.189.123.211
363,Saba,Symms,ssymmsa2@google.com.br,Female,109.200.78.173
364,Carolus,Tomei,ctomeia3@tumblr.com,Male,211.99.187.141
365,Candra,Delue,cdeluea4@huffingtonpost.com,Female,32.154.64.115
366,Jozef,McGeechan,jmcgeechana5@youtu.be,Male,124.173.78.110
367,Horace,Flewan,hflewana6@edublogs.org,Male,56.254.229.145
368,Devy,Paulot,dpaulota7@comcast.net,Male,82.187.84.132
369,Barby,Corradengo,bcorradengoa8@uiuc.edu,Female,127.254.186.24
370,Thorsten,Fiddian,tfiddiana9@github.io,Male,7.208.66.13
371,Georgianna,Foltin,gfoltinaa@nature.com,Female,77.24.181.91
372,Karil,Pelos,kpelosab@fotki.com,Female,124.233.215.183
373,Thorin,Goford,tgofordac@nba.com,Male,79.10.16.180
374,Ferd,Danick,fdanickad@plala.or.jp,Male,248.144.200.211
375,Helenelizabeth,Severy,hseveryae@npr.org,Genderfluid,186.21.132.93
376,Tanney,Van der Veldt,tvanderveldtaf@technorati.com,Male,4.90.39.240
377,Jacinta,Van der Beek,jvanderbeekag@chron.com,Female,167.194.219.214
378,Woodman,Quarlis,wquarlisah@marriott.com,Male,171.50.32.206
379,Dalston,Bellham,dbellhamai@jiathis.com,Male,40.1.140.61
380,Brett,Lyston,blystonaj@list-manage.com,Male,114.133.225.144
381,Daron,Messier,dmessierak@psu.edu,Male,223.16.111.69
382,Allie,Trevillion,atrevillional@aboutads.info,Female,4.16.209.158
383,Grenville,Delacourt,gdelacourtam@google.co.uk,Male,45.0.199.19
384,Candace,Moorman,cmoormanan@lulu.com,Female,12.119.77.12
385,Eleanore,Petett,epetettao@usnews.com,Female,176.238.147.70
386,Gael,Hadcock,ghadcockap@who.int,Female,148.179.113.38
387,Glynis,Johnston,gjohnstonaq@ask.com,Female,7.83.168.183
388,Calla,Barnby,cbarnbyar@usa.gov,Female,42.22.4.54
389,Alden,Corner,acorneras@va.gov,Male,151.156.66.67
390,Ainslee,Christophe,achristopheat@zimbio.com,Female,97.87.255.145
391,Kipper,Litchmore,klitchmoreau@kickstarter.com,Male,134.36.201.176
392,Louise,Treslove,ltresloveav@ebay.co.uk,Female,187.50.120.69
393,Serene,Pithie,spithieaw@fc2.com,Female,34.179.24.225
394,Jammal,Caldeyroux,jcaldeyrouxax@webs.com,Male,56.80.140.38
395,Hewie,Woodroof,hwoodroofay@taobao.com,Male,18.236.89.139
396,Garwood,Amott,gamottaz@acquirethisname.com,Male,153.202.157.33
397,Eve,Frohock,efrohockb0@sina.com.cn,Female,190.185.71.70
398,Luke,Brotherwood,lbrotherwoodb1@soup.io,Male,91.253.76.219
399,Katrina,Wimpress,kwimpressb2@theatlantic.com,Female,201.224.48.240
400,Audra,McMakin,amcmakinb3@time.com,Female,61.149.213.22
401,Gerianna,Gullyes,ggullyesb4@dyndns.org,Female,75.111.229.158
402,Lidia,Perrinchief,lperrinchiefb5@bing.com,Female,183.250.92.233
403,Elie,Bentzen,ebentzenb6@opensource.org,Non-binary,180.255.248.66
404,Gan,Wainscoat,gwainscoatb7@wsj.com,Male,202.70.218.133
405,Oona,Gardener,ogardenerb8@businesswire.com,Female,186.251.24.61
406,Abbi,Attaway,aattawayb9@ameblo.jp,Female,203.11.239.198
407,Judah,Lesurf,jlesurfba@etsy.com,Male,151.95.255.20
408,Stevana,Lapham,slaphambb@sbwire.com,Female,112.41.106.94
409,Winslow,Paynter,wpaynterbc@usatoday.com,Male,228.65.99.71
410,Jozef,Brettelle,jbrettellebd@dailymotion.com,Male,213.40.176.213
411,Ninetta,Schwandt,nschwandtbe@joomla.org,Female,62.129.127.56
412,Christabel,Kenworthey,ckenwortheybf@imageshack.us,Female,31.51.150.161
413,Freddie,Di Meo,fdimeobg@nydailynews.com,Female,16.207.112.192
414,Bryanty,Linnemann,blinnemannbh@joomla.org,Male,73.57.214.178
415,Brig,Mapstone,bmapstonebi@altervista.org,Genderfluid,234.0.167.24
416,Brunhilde,Howgego,bhowgegobj@timesonline.co.uk,Female,112.212.154.205
417,Phylis,Slade,psladebk@yale.edu,Female,43.18.231.158
418,Elset,Beumant,ebeumantbl@globo.com,Female,20.163.218.140
419,Astrid,Androck,aandrockbm@printfriendly.com,Female,209.185.120.209
420,Rachelle,Redparth,rredparthbn@army.mil,Female,207.128.15.13
421,Oliy,Rubinovitch,orubinovitchbo@bbb.org,Agender,3.36.250.55
422,Teodoro,Gorvette,tgorvettebp@pbs.org,Male,130.10.152.243
423,Pedro,Whitington,pwhitingtonbq@kickstarter.com,Male,161.245.206.167
424,Earlie,Haith,ehaithbr@microsoft.com,Male,183.102.119.37
425,Bird,Lanfere,blanferebs@cbsnews.com,Female,172.67.147.8
426,Lynette,Trillo,ltrillobt@ucoz.com,Female,250.204.136.123
427,Sarette,Southeran,ssoutheranbu@google.it,Female,241.146.219.248
428,Diego,Fenck,dfenckbv@google.fr,Male,97.137.144.91
429,Aldon,Fladgate,afladgatebw@apache.org,Male,133.133.28.61
430,Thomasine,Dumblton,tdumbltonbx@webmd.com,Female,87.154.75.106
431,Pattie,Mc Trusty,pmctrustyby@biblegateway.com,Female,177.3.165.0
432,Merralee,Praten,mpratenbz@squarespace.com,Female,202.163.208.67
433,Del,Rubenchik,drubenchikc0@php.net,Male,184.237.130.20
434,Lisette,Bettis,lbettisc1@virginia.edu,Female,57.185.170.11
435,Harriot,Dumphry,hdumphryc2@comcast.net,Female,196.31.21.95
436,Fax,Gerraty,fgerratyc3@google.nl,Male,15.210.103.9
437,Dale,Darrigrand,ddarrigrandc4@uol.com.br,Female,92.199.82.211
438,Viola,Christall,vchristallc5@networksolutions.com,Female,29.190.174.4
439,Brose,Anstis,banstisc6@marketwatch.com,Male,79.88.139.130
440,Abe,Huison,ahuisonc7@ted.com,Male,136.217.94.61
441,Burtie,Garralts,bgarraltsc8@wiley.com,Male,83.207.139.127
442,Natala,Liggens,nliggensc9@admin.ch,Female,211.215.77.224
443,Claresta,Cullrford,ccullrfordca@comsenz.com,Female,25.179.240.101
444,Humphrey,Littlewood,hlittlewoodcb@forbes.com,Male,197.226.136.125
445,Steffen,Sidry,ssidrycc@nps.gov,Male,41.66.12.13
446,Sharla,Aleksankov,saleksankovcd@networksolutions.com,Non-binary,72.247.194.108
447,Natalie,Archbould,narchbouldce@homestead.com,Female,7.217.17.178
448,Samson,Laurentino,slaurentinocf@ehow.com,Male,169.168.70.108
449,Killian,Towersey,ktowerseycg@edublogs.org,Male,185.171.125.137
450,Anitra,McGreay,amcgreaych@ox.ac.uk,Female,145.231.105.179
451,Jaime,Sekulla,jsekullaci@yellowpages.com,Genderqueer,220.57.229.66
452,De,Jeffress,djeffresscj@nasa.gov,Female,57.163.88.178
453,Krishna,Tander,ktanderck@lulu.com,Male,13.153.78.78
454,Gualterio,Shaughnessy,gshaughnessycl@free.fr,Genderfluid,68.158.233.157
455,Hiram,Smithers,hsmitherscm@discovery.com,Male,247.45.207.194
456,Quincey,Baldelli,qbaldellicn@va.gov,Male,218.245.11.53
457,Krystle,MacCafferty,kmaccaffertyco@statcounter.com,Female,250.208.140.165
458,Ellery,Applewhite,eapplewhitecp@chronoengine.com,Male,115.1.185.61
459,Christi,Burman,cburmancq@arizona.edu,Female,132.137.68.228
460,Dominik,Petruk,dpetrukcr@abc.net.au,Male,148.191.202.76
461,Wilow,Gateshill,wgateshillcs@wisc.edu,Genderqueer,112.40.155.252
462,Reggy,Burnsyde,rburnsydect@unblog.fr,Male,179.209.157.205
463,Eduard,D'Oyley,edoyleycu@slashdot.org,Male,186.33.216.59
464,Monika,Cestard,mcestardcv@1und1.de,Female,82.180.74.25
465,Tobin,Boston,tbostoncw@dot.gov,Male,237.38.11.71
466,Wynny,Bransom,wbransomcx@wikia.com,Female,11.101.139.188
467,Harv,Sidon,hsidoncy@shinystat.com,Male,81.108.223.18
468,Garrik,Palffy,gpalffycz@engadget.com,Male,176.21.184.41
469,Ham,McCafferky,hmccafferkyd0@vkontakte.ru,Male,167.176.149.215
470,Charlie,Dickerson,cdickersond1@patch.com,Male,228.136.137.112
471,Keir,Fucher,kfucherd2@google.co.uk,Male,211.132.97.94
472,Andie,Meiner,ameinerd3@icio.us,Female,142.95.228.87
473,Dagny,Ticehurst,dticehurstd4@springer.com,Male,227.227.239.67
474,Antoinette,Hubner,ahubnerd5@imdb.com,Female,29.233.254.153
475,Shirley,Brotherick,sbrotherickd6@is.gd,Female,65.32.203.211
476,Cris,Stell,cstelld7@businessinsider.com,Male,92.61.183.23
477,Margi,Tumini,mtuminid8@china.com.cn,Female,155.210.1.231
478,Mata,Burgyn,mburgynd9@un.org,Male,233.185.92.116
479,Shaylynn,Pears,spearsda@mapquest.com,Female,16.83.58.199
480,Zara,Culwen,zculwendb@mozilla.com,Female,22.89.62.255
481,Dory,Riding,dridingdc@friendfeed.com,Male,160.144.194.159
482,Editha,Pressnell,epressnelldd@irs.gov,Female,71.215.123.46
483,Kylie,Stainton - Skinn,kstaintonskinnde@xrea.com,Male,210.66.17.120
484,Llewellyn,Janos,ljanosdf@google.de,Male,141.130.161.167
485,Frederick,Klyn,fklyndg@psu.edu,Male,184.52.164.45
486,Herschel,Livett,hlivettdh@fastcompany.com,Male,175.150.55.100
487,Devinne,Caville,dcavilledi@adobe.com,Female,0.194.27.113
488,Filbert,Armitage,farmitagedj@cnn.com,Male,218.197.231.219
489,Chen,Zute,czutedk@intel.com,Male,51.67.21.36
490,Ava,Bernuzzi,abernuzzidl@paypal.com,Female,50.205.162.114
491,Coreen,Portt,cporttdm@sitemeter.com,Female,243.67.68.43
492,Kelci,Leinthall,kleinthalldn@tripod.com,Female,31.143.188.239
493,Corey,Jepperson,cjeppersondo@loc.gov,Non-binary,183.12.22.27
494,Wallis,Serrier,wserrierdp@paypal.com,Male,55.48.184.128
495,Irv,Berends,iberendsdq@discovery.com,Male,211.115.247.148
496,Bartlet,Skipp,bskippdr@time.com,Male,27.7.239.19
497,Penn,Pelzer,ppelzerds@ask.com,Male,153.234.13.176
498,Burnaby,Fernely,bfernelydt@reference.com,Male,250.207.163.76
499,Patrice,Butterwick,pbutterwickdu@yellowbook.com,Male,87.249.138.164
500,Nettle,Daine,ndainedv@pen.io,Female,204.82.179.210
501,Dasi,Fawltey,dfawlteydw@over-blog.com,Female,219.54.38.237
502,Dawn,Defrain,ddefraindx@netvibes.com,Female,168.14.60.93
503,Ernesta,Kochs,ekochsdy@360.cn,Female,176.51.214.212
504,Mirelle,Schollick,mschollickdz@unc.edu,Bigender,164.52.34.20
505,Estelle,Dimitru,edimitrue0@oakley.com,Female,150.101.91.14
506,Dorothy,Eagan,deagane1@oracle.com,Female,253.52.9.201
507,Hortensia,Laurent,hlaurente2@answers.com,Agender,149.251.192.219
508,Esteban,Hurdiss,ehurdisse3@jalbum.net,Male,104.46.228.126
509,Frasco,Cholton,fcholtone4@java.com,Male,191.187.128.242
510,Gilberto,Beaze,gbeazee5@webmd.com,Male,101.7.91.45
511,Allegra,Lochran,alochrane6@reuters.com,Female,142.21.74.254
512,Frannie,Kissock,fkissocke7@behance.net,Male,255.68.82.193
513,Trev,Ellcock,tellcocke8@addtoany.com,Male,173.120.42.235
514,Ari,Greenlees,agreenleese9@patch.com,Male,79.24.40.201
515,Padgett,Meddings,pmeddingsea@shinystat.com,Male,73.76.191.108
516,Robina,Nashe,rnasheeb@angelfire.com,Female,86.124.90.112
517,Gwenore,Geertje,ggeertjeec@google.com.hk,Genderfluid,40.68.193.80
518,Carlen,Gerbel,cgerbeled@unc.edu,Female,47.36.20.94
519,Mick,Campagne,mcampagneee@ifeng.com,Male,231.161.209.96
520,Suzie,Fitzgerald,sfitzgeraldef@hugedomains.com,Female,196.39.39.249
521,Feodora,Dearman,fdearmaneg@phpbb.com,Female,179.196.72.230
522,Rheta,Rospars,rrosparseh@sohu.com,Female,6.55.129.233
523,Averill,Grime,agrimeei@wired.com,Male,166.134.183.149
524,Marshal,Graveston,mgravestonej@blogger.com,Male,44.81.28.181
525,Garrek,Burns,gburnsek@nsw.gov.au,Male,127.68.91.166
526,Hildegaard,Wardell,hwardellel@1und1.de,Female,173.125.249.217
527,Hugh,Hourstan,hhourstanem@marketwatch.com,Male,29.29.77.116
528,Marnia,Cino,mcinoen@reverbnation.com,Female,41.161.254.69
529,Zola,Abdon,zabdoneo@princeton.edu,Female,194.8.248.214
530,Jefferson,Callaby,jcallabyep@twitpic.com,Genderqueer,212.240.34.161
531,Quintin,Arney,qarneyeq@goo.gl,Non-binary,78.35.218.109
532,Ogden,Sotheby,osothebyer@wp.com,Male,159.158.218.22
533,Wadsworth,Salasar,wsalasares@washington.edu,Bigender,144.5.181.190
534,Jenica,Dell 'Orto,jdellortoet@samsung.com,Genderqueer,167.93.172.168
535,Ezmeralda,Gooders,egooderseu@china.com.cn,Female,134.138.173.41
536,Jeremias,Clampe,jclampeev@soundcloud.com,Male,24.180.81.163
537,Renell,Driffield,rdriffieldew@bloglovin.com,Female,104.15.20.99
538,Mufi,Sproston,msprostonex@mlb.com,Female,34.126.36.251
539,Valerie,Itzkovwitch,vitzkovwitchey@alexa.com,Female,78.212.146.180
540,Bernardo,Mattiello,bmattielloez@naver.com,Male,177.55.9.86
541,Olivia,Visick,ovisickf0@europa.eu,Female,219.240.8.29
542,Elyssa,Hammerich,ehammerichf1@tmall.com,Female,217.29.76.96
543,Moises,Burgne,mburgnef2@artisteer.com,Male,207.234.252.28
544,Padraig,Overstreet,poverstreetf3@wired.com,Male,100.95.226.149
545,Meghan,Braunthal,mbraunthalf4@google.it,Female,217.243.178.87
546,Ezechiel,Benediktsson,ebenediktssonf5@xing.com,Male,69.137.158.24
547,Woodrow,Cecely,wcecelyf6@wordpress.org,Male,117.122.69.254
548,Haslett,Jills,hjillsf7@canalblog.com,Male,191.122.212.187
549,Tasha,Sneddon,tsneddonf8@mozilla.com,Female,237.127.92.5
550,Dreddy,Ridgway,dridgwayf9@de.vu,Female,175.132.220.110
551,Geri,Coraini,gcorainifa@skype.com,Male,121.235.160.157
552,Giuseppe,January,gjanuaryfb@forbes.com,Male,3.87.157.150
553,Ermin,Mowday,emowdayfc@wikia.com,Non-binary,248.1.12.216
554,Shell,Mitskevich,smitskevichfd@webmd.com,Female,199.113.148.123
555,Lamont,Feye,lfeyefe@tiny.cc,Male,134.166.69.63
556,Jeanelle,Baniard,jbaniardff@si.edu,Female,45.93.192.73
557,Coop,Backshill,cbackshillfg@unicef.org,Male,138.183.242.167
558,Brander,Gath,bgathfh@unc.edu,Male,70.234.86.121
559,Redd,Faers,rfaersfi@creativecommons.org,Male,142.214.214.109
560,Nelia,Pickton,npicktonfj@live.com,Polygender,183.157.51.150
561,Nikaniki,England,nenglandfk@sakura.ne.jp,Genderqueer,151.17.254.168
562,Blisse,Lacelett,blacelettfl@nydailynews.com,Female,34.25.177.120
563,Roma,Dunham,rdunhamfm@addtoany.com,Male,97.234.32.138
564,Jacintha,Coonihan,jcoonihanfn@addthis.com,Non-binary,140.184.184.139
565,Griffin,Bazoche,gbazochefo@barnesandnoble.com,Male,138.239.208.197
566,Tobie,Grasner,tgrasnerfp@discuz.net,Male,242.145.148.185
567,Anabella,Janosevic,ajanosevicfq@house.gov,Female,13.198.157.123
568,Jasen,Gerrels,jgerrelsfr@ovh.net,Male,67.250.89.24
569,Beatrisa,Parade,bparadefs@businesswire.com,Female,52.84.103.139
570,Eddie,Bottoms,ebottomsft@ezinearticles.com,Female,107.86.82.210
571,Katti,Rudinger,krudingerfu@indiegogo.com,Female,70.204.71.61
572,Osgood,Greensall,ogreensallfv@skype.com,Male,128.149.71.136
573,Kevon,Wallwork,kwallworkfw@sogou.com,Male,40.214.213.4
574,Roxanna,MacNair,rmacnairfx@nifty.com,Female,219.166.213.173
575,Tommie,Vigne,tvignefy@ehow.com,Male,51.151.28.218
576,Montgomery,Lafayette,mlafayettefz@ft.com,Male,209.220.105.62
577,Richmound,Imlacke,rimlackeg0@furl.net,Male,83.113.156.66
578,Ula,Ipsly,uipslyg1@answers.com,Female,43.42.118.243
579,Donovan,Pettwood,dpettwoodg2@bravesites.com,Male,64.37.148.134
580,Tanya,Angrove,tangroveg3@rediff.com,Female,99.114.208.17
581,Fernandina,Ousbie,fousbieg4@unblog.fr,Female,158.24.98.225
582,Audre,Beadnall,abeadnallg5@ebay.com,Female,145.12.75.150
583,Deerdre,Imesson,dimessong6@imgur.com,Female,94.253.55.55
584,Chadwick,Blomefield,cblomefieldg7@reuters.com,Male,242.154.178.164
585,Harriette,Cousans,hcousansg8@about.me,Female,125.253.85.22
586,Dian,Smickle,dsmickleg9@example.com,Female,44.32.216.108
587,Chrissie,Lathbury,clathburyga@epa.gov,Male,237.102.223.184
588,Toma,Galletly,tgalletlygb@feedburner.com,Non-binary,241.233.143.20
589,Fonz,Gaitley,fgaitleygc@bbb.org,Male,55.60.32.92
590,Judd,Milthorpe,jmilthorpegd@ucla.edu,Male,253.249.46.119
591,Lemar,Haggith,lhaggithge@uiuc.edu,Male,78.220.100.217
592,Bradford,Blamphin,bblamphingf@dedecms.com,Bigender,115.33.175.166
593,Eolanda,Baynard,ebaynardgg@google.de,Female,100.9.43.248
594,Roberta,Dumelow,rdumelowgh@yolasite.com,Female,142.0.206.183
595,Geri,Ferens,gferensgi@cnn.com,Female,119.235.91.29
596,Ulysses,Pitford,upitfordgj@dropbox.com,Male,68.225.83.154
597,Rem,Kiloh,rkilohgk@arizona.edu,Male,7.84.26.3
598,Gusella,Riddell,griddellgl@com.com,Female,36.32.181.91
599,Wittie,Radcliffe,wradcliffegm@state.gov,Male,182.128.84.148
600,Bancroft,Olliff,bolliffgn@dmoz.org,Male,227.92.58.138
601,Scotty,Northleigh,snorthleighgo@123-reg.co.uk,Male,128.89.170.177
602,Hort,Wyndham,hwyndhamgp@lulu.com,Male,25.211.189.135
603,Octavia,Audus,oaudusgq@bloglines.com,Female,18.79.18.10
604,Waite,Jodrellec,wjodrellecgr@disqus.com,Male,161.255.66.59
605,Barbie,Bramont,bbramontgs@storify.com,Female,94.82.202.176
606,Brena,Hasel,bhaselgt@nyu.edu,Genderfluid,6.27.229.154
607,Bronnie,Tarpey,btarpeygu@blogger.com,Male,200.35.237.255
608,Sherye,Downer,sdownergv@shop-pro.jp,Female,4.210.5.160
609,Zarla,Standering,zstanderinggw@mit.edu,Female,246.16.77.226
610,Opaline,Kegan,okegangx@theguardian.com,Female,55.41.161.237
611,Cyrus,Kiessel,ckiesselgy@army.mil,Male,67.131.142.176
612,Kellen,Christensen,kchristensengz@go.com,Non-binary,172.18.83.95
613,Hubie,Lissimore,hlissimoreh0@123-reg.co.uk,Male,224.90.36.59
614,Antonino,Paulet,apauleth1@telegraph.co.uk,Male,121.167.196.197
615,Doyle,Jeaves,djeavesh2@utexas.edu,Male,139.243.205.194
616,Ab,Andreuzzi,aandreuzzih3@multiply.com,Male,18.20.107.197
617,Amara,Issitt,aissitth4@g.co,Female,77.117.185.57
618,Brietta,Stubley,bstubleyh5@youku.com,Agender,183.32.67.118
619,Granthem,Groves,ggrovesh6@woothemes.com,Male,25.195.190.43
620,Lilyan,Cabrer,lcabrerh7@cafepress.com,Female,79.222.145.227
621,Khalil,Buglar,kbuglarh8@arizona.edu,Male,32.121.62.242
622,Marin,Wickersham,mwickershamh9@squarespace.com,Female,212.177.215.82
623,Bruis,Beche,bbecheha@gizmodo.com,Male,3.244.167.108
624,Paolina,Sainter,psainterhb@salon.com,Female,36.138.144.184
625,Aloise,McGawn,amcgawnhc@dailymotion.com,Female,124.52.56.140
626,Dan,Blasiak,dblasiakhd@dedecms.com,Agender,137.13.223.204
627,Kippie,Storr,kstorrhe@symantec.com,Female,238.98.110.229
628,Odelle,Taffee,otaffeehf@census.gov,Female,129.35.110.20
629,Asa,Egan,aeganhg@theglobeandmail.com,Male,59.184.128.3
630,Hersch,Massei,hmasseihh@youtu.be,Male,188.26.199.220
631,Tally,Wareing,twareinghi@mac.com,Bigender,123.59.183.143
632,Ignaz,Nairn,inairnhj@printfriendly.com,Male,66.167.36.178
633,Cinderella,Ludlom,cludlomhk@army.mil,Polygender,32.170.134.110
634,Marty,Calderbank,mcalderbankhl@i2i.jp,Female,116.147.86.16
635,Lenard,Kalinsky,lkalinskyhm@nps.gov,Male,29.173.12.137
636,Nancee,Pimmocke,npimmockehn@ihg.com,Female,57.34.238.69
637,Allis,Williamson,awilliamsonho@creativecommons.org,Bigender,73.91.103.165
638,Evelina,Jamison,ejamisonhp@buzzfeed.com,Female,8.176.32.194
639,Basile,Alliker,ballikerhq@jugem.jp,Bigender,248.179.78.197
640,Adan,Hurd,ahurdhr@goo.gl,Male,74.130.237.31
641,Butch,Savatier,bsavatierhs@zdnet.com,Polygender,25.17.103.142
642,Karine,Gallifont,kgallifontht@ning.com,Agender,194.150.50.96
643,Delano,Leney,dleneyhu@baidu.com,Male,175.20.14.69
644,Padriac,Obell,pobellhv@comcast.net,Agender,114.155.28.0
645,Crissie,Mereweather,cmereweatherhw@uiuc.edu,Female,246.164.221.16
646,Jilli,Biffen,jbiffenhx@boston.com,Genderfluid,176.195.249.254
647,Clementine,Keemar,ckeemarhy@ning.com,Female,78.24.55.239
648,Denise,Velte,dveltehz@usa.gov,Female,145.252.33.118
649,Francene,Tregiddo,ftregiddoi0@go.com,Female,226.78.174.187
650,Dorella,Badman,dbadmani1@yandex.ru,Female,254.241.240.134
651,Nessi,Jerrolt,njerrolti2@baidu.com,Female,4.202.185.126
652,Marwin,Breedy,mbreedyi3@networksolutions.com,Male,39.28.154.166
653,Hannie,Dufour,hdufouri4@ycombinator.com,Female,60.237.97.223
654,Berke,Brudenell,bbrudenelli5@hibu.com,Male,185.219.246.24
655,Guillaume,Satterley,gsatterleyi6@economist.com,Male,165.46.194.217
656,Millicent,Ishaki,mishakii7@ebay.co.uk,Female,210.31.174.246
657,Arty,MacCosto,amaccostoi8@netlog.com,Male,237.90.24.174
658,Marve,Bent,mbenti9@joomla.org,Male,157.30.205.251
659,Steffane,Rosen,srosenia@facebook.com,Female,11.44.153.14
660,Annetta,Thorley,athorleyib@goo.ne.jp,Female,116.127.234.161
661,Kerby,Osbaldeston,kosbaldestonic@e-recht24.de,Male,36.244.97.16
662,Rustin,Brecknall,rbrecknallid@weebly.com,Agender,9.193.69.208
663,Caroline,Gwyther,cgwytherie@ameblo.jp,Female,99.170.249.238
664,Nichole,Bonifas,nbonifasif@cmu.edu,Male,146.173.29.20
665,Emma,Reedyhough,ereedyhoughig@businessweek.com,Female,226.182.233.221
666,Staffard,Dabes,sdabesih@last.fm,Male,14.61.234.121
667,Hardy,McLeoid,hmcleoidii@surveymonkey.com,Male,161.236.21.196
668,Dennie,Ghiotto,dghiottoij@discovery.com,Female,137.131.231.126
669,Fulvia,Thurgood,fthurgoodik@google.cn,Female,132.148.43.111
670,Marijo,Giacomazzo,mgiacomazzoil@bloomberg.com,Female,241.172.210.45
671,Dane,Blay,dblayim@squidoo.com,Agender,136.59.254.3
672,Jilly,Frisdick,jfrisdickin@scientificamerican.com,Female,2.138.130.85
673,Paulo,Kittredge,pkittredgeio@webmd.com,Male,133.152.225.73
674,Delmar,Marflitt,dmarflittip@icq.com,Male,109.80.95.137
675,Gussi,Zavattieri,gzavattieriiq@typepad.com,Female,121.20.76.184
676,Hedda,Axcel,haxcelir@deviantart.com,Female,163.126.29.186
677,Drud,Gronav,dgronavis@networkadvertising.org,Male,230.9.31.224
678,Valerie,Haversum,vhaversumit@adobe.com,Female,6.225.203.56
679,Talia,Cantor,tcantoriu@bloglovin.com,Female,84.150.168.207
680,Farlie,McCoish,fmccoishiv@imgur.com,Male,138.111.88.166
681,Sloan,McKeachie,smckeachieiw@so-net.ne.jp,Genderqueer,99.80.52.227
682,Pennie,Teaze,pteazeix@networksolutions.com,Female,223.6.99.224
683,Harlie,Gladtbach,hgladtbachiy@arstechnica.com,Female,33.199.89.169
684,Lammond,Cruden,lcrudeniz@dropbox.com,Male,19.64.102.6
685,Roseanne,Real,rrealj0@cnet.com,Female,89.58.216.180
686,Bondon,Loffill,bloffillj1@xing.com,Male,52.172.184.62
687,Merissa,Waber,mwaberj2@archive.org,Female,193.93.130.93
688,Shara,Penhalewick,spenhalewickj3@webnode.com,Agender,76.55.51.86
689,Amie,Passby,apassbyj4@miibeian.gov.cn,Female,126.125.227.40
690,Brennen,Wilhelmy,bwilhelmyj5@squarespace.com,Male,171.136.4.124
691,Saunderson,Sarge,ssargej6@php.net,Male,186.170.51.155
692,Spence,Bennoe,sbennoej7@webmd.com,Male,184.253.199.23
693,Reiko,Endon,rendonj8@bluehost.com,Female,164.1.143.32
694,Sidney,Daly,sdalyj9@mac.com,Polygender,204.140.237.141
695,Demetra,McInerney,dmcinerneyja@bravesites.com,Female,136.49.19.23
696,Tamas,McCrum,tmccrumjb@cbslocal.com,Male,159.198.154.17
697,Fidole,Sillito,fsillitojc@xrea.com,Male,130.81.132.14
698,Vladamir,Warhurst,vwarhurstjd@wikipedia.org,Male,193.200.141.101
699,Stacy,Aistrop,saistropje@fastcompany.com,Male,200.178.226.11
700,Marcos,Maurice,mmauricejf@ask.com,Male,30.167.255.91
701,Kathrine,O' Mullan,komullanjg@springer.com,Female,183.227.95.89
702,Joelie,Demead,jdemeadjh@homestead.com,Female,255.21.51.143
703,Yolande,Coop,ycoopji@elegantthemes.com,Female,65.146.254.148
704,Carroll,McKeighan,cmckeighanjj@google.pl,Male,37.175.125.173
705,Cathie,Berardt,cberardtjk@tiny.cc,Female,62.97.73.14
706,Lemmy,Laurenz,llaurenzjl@europa.eu,Male,101.94.52.171
707,Chantalle,Puddin,cpuddinjm@lycos.com,Female,42.237.190.31
708,Averyl,Yes,ayesjn@thetimes.co.uk,Polygender,45.230.107.160
709,Guillaume,Toone,gtoonejo@ovh.net,Male,216.53.11.217
710,Ev,Stubbe,estubbejp@sun.com,Male,76.160.245.251
711,Karil,Corston,kcorstonjq@bing.com,Female,16.154.33.209
712,Collin,Berick,cberickjr@craigslist.org,Male,181.208.161.156
713,Minor,Sunner,msunnerjs@mac.com,Male,195.74.15.195
714,Bryna,de Lloyd,bdelloydjt@youtu.be,Female,70.187.176.43
715,Gallagher,Tosspell,gtosspellju@cargocollective.com,Male,54.8.22.245
716,Harmonia,Barns,hbarnsjv@apache.org,Female,92.68.112.154
717,Gregorius,Buntin,gbuntinjw@nasa.gov,Genderqueer,226.48.213.241
718,Jeddy,Lorain,jlorainjx@a8.net,Male,161.247.9.83
719,Olwen,Ivanyutin,oivanyutinjy@princeton.edu,Female,93.43.120.165
720,Yelena,Glasspoole,yglasspoolejz@princeton.edu,Female,51.240.24.156
721,Wright,Borghese,wborghesek0@shop-pro.jp,Male,252.165.127.53
722,Charley,Dincey,cdinceyk1@weibo.com,Male,121.77.195.121
723,Cherin,Gramer,cgramerk2@google.nl,Female,1.28.73.91
724,Gonzales,Guillon,gguillonk3@unblog.fr,Male,163.119.213.173
725,Poppy,Tolliday,ptollidayk4@wix.com,Female,164.25.249.76
726,Antonia,Perigo,aperigok5@cpanel.net,Female,136.149.90.118
727,Ado,Torrijos,atorrijosk6@nytimes.com,Male,15.182.135.148
728,Danita,Rowell,drowellk7@slate.com,Female,166.2.8.23
729,Madelena,Simionescu,msimionescuk8@oakley.com,Genderfluid,217.24.184.25
730,Susanne,Ware,swarek9@bing.com,Female,219.104.77.230
731,Garvey,Van Der Weedenburg,gvanderweedenburgka@unblog.fr,Male,204.254.12.205
732,Rhoda,Whithorn,rwhithornkb@un.org,Female,177.62.48.12
733,Idelle,Matuszewski,imatuszewskikc@dailymotion.com,Female,132.139.52.212
734,Tadio,Besnard,tbesnardkd@tamu.edu,Male,240.14.34.149
735,Pauline,Wolfarth,pwolfarthke@icq.com,Female,185.29.56.176
736,Onfroi,Beebee,obeebeekf@sbwire.com,Male,161.202.50.18
737,Nettle,Galbreth,ngalbrethkg@vkontakte.ru,Female,48.175.2.46
738,Alexandros,Whear,awhearkh@washington.edu,Male,65.99.146.57
739,Gordy,Verdie,gverdieki@facebook.com,Male,82.48.69.50
740,Kaja,Gillopp,kgilloppkj@scribd.com,Female,181.85.15.7
741,Denni,Gosneye,dgosneyekk@usatoday.com,Female,187.227.172.137
742,Tyrus,Bidder,tbidderkl@cargocollective.com,Male,138.92.43.186
743,Dorette,Rack,drackkm@aol.com,Female,38.95.171.221
744,Camile,MacGauhy,cmacgauhykn@technorati.com,Female,131.177.98.101
745,Ebenezer,Burg,eburgko@sciencedaily.com,Male,212.8.129.167
746,Marcella,Ackeroyd,mackeroydkp@army.mil,Female,187.182.135.110
747,Benedicto,Jostan,bjostankq@ft.com,Agender,202.85.229.254
748,Malynda,Bonson,mbonsonkr@cnn.com,Female,36.79.216.54
749,Hollis,Headly,hheadlyks@addthis.com,Male,120.102.112.95
750,Zerk,Wilkinson,zwilkinsonkt@altervista.org,Bigender,240.52.174.109
751,Kristi,Hackforth,khackforthku@netvibes.com,Non-binary,181.221.188.53
752,Bonnee,Cummins,bcumminskv@nasa.gov,Female,25.210.7.78
753,Lucian,Geale,lgealekw@auda.org.au,Male,104.181.62.103
754,Cody,Pettifor,cpettiforkx@alibaba.com,Male,41.171.98.82
755,Yardley,Primett,yprimettky@rakuten.co.jp,Male,220.73.178.65
756,Conrade,Braunds,cbraundskz@123-reg.co.uk,Male,50.107.20.216
757,Lynnett,Lafflin,llafflinl0@hp.com,Non-binary,46.56.101.57
758,Lothario,Rowan,lrowanl1@163.com,Male,205.122.93.244
759,Ebeneser,Audas,eaudasl2@pcworld.com,Male,137.62.134.106
760,Hollis,Stelli,hstellil3@spiegel.de,Male,156.128.183.140
761,Wilbert,Baxendale,wbaxendalel4@php.net,Male,4.247.195.111
762,George,Fryman,gfrymanl5@joomla.org,Male,73.35.152.169
763,Sheridan,Dewbury,sdewburyl6@issuu.com,Male,251.125.105.175
764,Rufe,Ortelt,rorteltl7@cyberchimps.com,Male,174.10.109.234
765,Husein,Harburtson,hharburtsonl8@google.co.uk,Male,13.0.44.106
766,Raff,Schubart,rschubartl9@kickstarter.com,Male,20.15.209.184
767,Valentia,Baptiste,vbaptistela@xrea.com,Female,144.43.86.231
768,Adrea,Kondratenko,akondratenkolb@nba.com,Female,128.24.42.252
769,Lorilee,Menendez,lmenendezlc@alibaba.com,Female,50.82.164.226
770,Aubree,Featherstonehaugh,afeatherstonehaughld@fc2.com,Agender,32.250.130.237
771,Jud,Corroyer,jcorroyerle@loc.gov,Male,137.45.2.250
772,Skippy,Ilewicz,silewiczlf@acquirethisname.com,Genderqueer,55.52.48.176
773,Tommie,Quaif,tquaiflg@is.gd,Female,10.118.105.101
774,Pren,Shepheard,pshepheardlh@typepad.com,Polygender,224.30.184.39
775,Jennilee,Hasnney,jhasnneyli@unc.edu,Female,180.225.210.160
776,Corena,Durber,cdurberlj@wordpress.org,Female,22.78.151.1
777,Jdavie,Swiffin,jswiffinlk@un.org,Genderfluid,55.237.185.119
778,Dre,Torr,dtorrll@bloglovin.com,Female,98.134.78.195
779,Tera,Scrace,tscracelm@github.com,Female,225.42.236.236
780,Brunhilde,Merrin,bmerrinln@amazon.com,Genderqueer,221.44.0.52
781,Opaline,Pavlovic,opavloviclo@miibeian.gov.cn,Female,246.234.131.221
782,Bobby,Tolcharde,btolchardelp@nba.com,Male,219.133.16.180
783,Becka,Clemence,bclemencelq@theguardian.com,Female,228.73.125.106
784,Marsh,Mohun,mmohunlr@google.com.br,Male,220.7.162.205
785,Zaria,Timmins,ztimminsls@hhs.gov,Female,159.166.121.136
786,Ferne,Pilbury,fpilburylt@marriott.com,Female,127.18.162.79
787,Adrianne,Linzee,alinzeelu@mit.edu,Female,177.237.64.208
788,Herb,Huygen,hhuygenlv@craigslist.org,Male,240.78.249.60
789,Marybelle,Gatward,mgatwardlw@upenn.edu,Female,181.19.107.62
790,Zebadiah,Metterick,zmettericklx@vimeo.com,Agender,157.253.105.22
791,Sile,Sevier,ssevierly@intel.com,Female,172.59.10.196
792,Reggy,Daniau,rdaniaulz@meetup.com,Male,58.108.97.179
793,Salaidh,Arnald,sarnaldm0@princeton.edu,Female,41.82.86.47
794,Veronike,Morriarty,vmorriartym1@odnoklassniki.ru,Female,151.174.241.81
795,Garwood,Woolf,gwoolfm2@harvard.edu,Male,178.47.129.9
796,Read,Gamett,rgamettm3@arstechnica.com,Male,164.215.231.69
797,Ivory,McGeechan,imcgeechanm4@networkadvertising.org,Female,221.122.249.87
798,Layney,April,laprilm5@1688.com,Female,115.255.92.205
799,Loy,Geer,lgeerm6@census.gov,Male,254.9.142.221
800,Kalinda,Nutley,knutleym7@bloglines.com,Female,177.243.38.114
801,Valina,Grieve,vgrievem8@google.cn,Female,197.0.58.133
802,Gregor,Yu,gyum9@pen.io,Male,84.233.193.84
803,Barron,Lacroix,blacroixma@usa.gov,Male,243.7.212.186
804,Martin,Rosberg,mrosbergmb@patch.com,Male,210.193.8.156
805,Celeste,Whiteley,cwhiteleymc@umich.edu,Female,215.238.73.146
806,Lian,Gossart,lgossartmd@123-reg.co.uk,Female,217.155.113.150
807,Mata,Duckit,mduckitme@facebook.com,Male,91.154.144.122
808,Kellby,MacSharry,kmacsharrymf@diigo.com,Male,200.144.65.103
809,Launce,Torregiani,ltorregianimg@hexun.com,Male,209.246.202.15
810,Clemens,Stockford,cstockfordmh@wired.com,Male,131.143.73.84
811,Isis,Tonbye,itonbyemi@google.com.hk,Female,50.161.196.154
812,Dollie,Billingsly,dbillingslymj@elegantthemes.com,Female,249.179.251.116
813,Archambault,Clousley,aclousleymk@bandcamp.com,Male,13.241.144.90
814,Micheil,Le Teve,mleteveml@marriott.com,Male,57.152.211.148
815,Gwenni,Cruce,gcrucemm@loc.gov,Female,178.143.67.124
816,Bastien,Ponte,bpontemn@icio.us,Male,239.235.152.17
817,Rana,Chatel,rchatelmo@cisco.com,Female,170.79.83.208
818,Cordie,Torricella,ctorricellamp@wikimedia.org,Male,225.160.106.34
819,Jimmy,Kidney,jkidneymq@surveymonkey.com,Male,215.20.41.239
820,Pail,Grossier,pgrossiermr@tinyurl.com,Male,238.249.217.11
821,Camila,Joye,cjoyems@tripadvisor.com,Non-binary,25.146.226.238
822,Reina,Culter,rcultermt@unicef.org,Female,15.92.147.221
823,Granthem,Gianiello,ggianiellomu@google.es,Male,160.122.37.206
824,Chen,Suarez,csuarezmv@so-net.ne.jp,Male,208.85.105.255
825,Glori,Wannell,gwannellmw@redcross.org,Female,132.7.48.26
826,Kennett,Soggee,ksoggeemx@latimes.com,Male,53.247.18.2
827,Evered,Brundell,ebrundellmy@dyndns.org,Male,23.77.195.118
828,Christi,Nelius,cneliusmz@bloglovin.com,Female,62.50.95.50
829,Tillie,Wayt,twaytn0@hp.com,Female,215.90.148.119
830,Naoma,Elecum,nelecumn1@weather.com,Female,9.205.253.198
831,Dur,Malster,dmalstern2@scientificamerican.com,Male,217.178.110.197
832,Genny,Beran,gberann3@clickbank.net,Female,35.240.164.115
833,Karita,Orcas,korcasn4@psu.edu,Female,177.208.200.100
834,Maribelle,Dewicke,mdewicken5@hugedomains.com,Female,23.85.191.60
835,Robinia,Szymanek,rszymanekn6@sourceforge.net,Female,179.31.156.31
836,Papagena,Fallanche,pfallanchen7@livejournal.com,Female,76.208.126.164
837,Rosemarie,Goodisson,rgoodissonn8@un.org,Female,181.13.108.23
838,Florinda,Beswetherick,fbeswetherickn9@biblegateway.com,Female,212.37.119.197
839,Gardiner,Milsted,gmilstedna@squarespace.com,Non-binary,22.189.34.205
840,Leslie,Nasey,lnaseynb@un.org,Male,172.239.7.163
841,Riannon,Ricco,rricconc@utexas.edu,Female,173.144.246.181
842,Letta,Preddy,lpreddynd@jalbum.net,Female,236.235.158.28
843,Cheryl,Lacrouts,clacroutsne@pbs.org,Female,64.80.205.186
844,Celestia,Douch,cdouchnf@123-reg.co.uk,Female,175.32.125.38
845,Ludovico,Duffield,lduffieldng@slashdot.org,Male,237.80.74.190
846,Shawn,Poore,spoorenh@acquirethisname.com,Male,37.64.27.60
847,Andeee,Henrys,ahenrysni@netvibes.com,Female,176.131.62.78
848,Tab,Chipman,tchipmannj@marriott.com,Male,134.242.212.126
849,Ina,Manshaw,imanshawnk@mozilla.org,Female,204.46.216.246
850,Forester,Wenban,fwenbannl@slideshare.net,Male,86.127.186.146
851,Law,Castiglio,lcastiglionm@wordpress.com,Male,249.55.81.121
852,Constanta,Rantoull,crantoullnn@wikia.com,Female,69.43.108.252
853,Denys,Bottoms,dbottomsno@gmpg.org,Female,91.168.189.214
854,Edgar,Braiden,ebraidennp@pen.io,Male,227.69.138.137
855,Pepillo,Bakster,pbaksternq@reddit.com,Male,227.25.161.190
856,Maximilianus,Anthoin,manthoinnr@cloudflare.com,Male,96.219.156.129
857,Marcelo,Gilogly,mgiloglyns@diigo.com,Male,230.25.43.89
858,Bourke,Moseley,bmoseleynt@1und1.de,Male,119.224.64.184
859,Drusie,Mackison,dmackisonnu@va.gov,Female,155.227.254.141
860,Kincaid,Delmage,kdelmagenv@webs.com,Male,169.138.122.176
861,Bink,Crooks,bcrooksnw@ed.gov,Male,62.123.33.24
862,Pru,Billion,pbillionnx@slideshare.net,Female,69.35.114.40
863,Darcey,Eade,deadeny@yale.edu,Female,107.207.77.35
864,Rickey,Dulen,rdulennz@bravesites.com,Male,136.44.225.46
865,Kristy,Christal,kchristalo0@accuweather.com,Female,59.191.206.218
866,Nani,Dance,ndanceo1@eventbrite.com,Female,14.92.253.212
867,Lanie,Gillebert,lgilleberto2@weibo.com,Male,27.187.17.211
868,Beret,Jewiss,bjewisso3@myspace.com,Female,125.38.89.0
869,Kerr,Cantillon,kcantillono4@comsenz.com,Male,192.127.163.45
870,Guillaume,Lampard,glampardo5@sogou.com,Male,101.213.86.6
871,Eliza,Avey,eaveyo6@ibm.com,Genderqueer,96.149.123.149
872,Siana,Bollard,sbollardo7@nationalgeographic.com,Female,182.98.95.77
873,Theodoric,MacAirt,tmacairto8@cnet.com,Male,2.229.33.239
874,Merilyn,Everly,meverlyo9@etsy.com,Female,61.121.209.93
875,Catherine,Blodget,cblodgetoa@merriam-webster.com,Female,215.192.208.42
876,Briana,Hyland,bhylandob@ftc.gov,Female,74.253.96.135
877,Mariam,Klessmann,mklessmannoc@cpanel.net,Female,139.78.6.56
878,Royce,Bearcock,rbearcockod@discovery.com,Male,91.244.210.126
879,Ermin,Blazynski,eblazynskioe@smh.com.au,Male,29.37.72.65
880,Shari,Piddlehinton,spiddlehintonof@hatena.ne.jp,Female,29.216.203.103
881,Gypsy,Mablestone,gmablestoneog@marketwatch.com,Female,255.42.26.35
882,Katerina,Quenell,kquenelloh@mozilla.org,Female,119.179.135.11
883,Emile,De Mico,edemicooi@fotki.com,Male,141.42.214.147
884,Reiko,Ollcott,rollcottoj@wix.com,Genderfluid,111.183.230.212
885,Herminia,Merrell,hmerrellok@discovery.com,Female,146.166.101.193
886,Zorana,Beine,zbeineol@biglobe.ne.jp,Female,48.30.193.199
887,Ariel,Woodgate,awoodgateom@t-online.de,Male,128.79.239.129
888,Gina,Giller,ggilleron@dion.ne.jp,Female,158.120.162.81
889,Jerrie,Antoniak,jantoniakoo@slate.com,Male,23.146.98.50
890,Hillie,Dradey,hdradeyop@zimbio.com,Male,31.124.68.166
891,Karlotta,Bolden,kboldenoq@prweb.com,Female,44.48.115.72
892,Sileas,Bradnock,sbradnockor@addtoany.com,Female,27.52.181.195
893,Georgena,Moen,gmoenos@so-net.ne.jp,Female,203.222.153.248
894,Stephenie,Sauniere,ssauniereot@columbia.edu,Female,102.244.62.59
895,Troy,Livett,tlivettou@people.com.cn,Male,166.41.137.22
896,Jessalin,Booth,jboothov@wp.com,Female,106.16.246.227
897,Andi,Roskilly,aroskillyow@unesco.org,Female,65.226.36.87
898,Hart,Jovis,hjovisox@indiatimes.com,Male,56.160.163.225
899,Rowe,Dunrige,rdunrigeoy@webs.com,Female,117.91.122.209
900,Cass,Bulbrook,cbulbrookoz@arstechnica.com,Male,207.46.77.14
901,Brent,Saice,bsaicep0@chron.com,Male,80.135.205.243
902,Lenard,Lassen,llassenp1@jiathis.com,Male,180.204.165.69
903,Elinor,Skerritt,eskerrittp2@noaa.gov,Female,132.161.62.174
904,Jorey,Ealam,jealamp3@redcross.org,Genderqueer,185.108.181.2
905,Loree,Ezzle,lezzlep4@dell.com,Female,190.150.197.252
906,Reidar,Claye,rclayep5@macromedia.com,Male,10.222.216.212
907,Derrik,Kennington,dkenningtonp6@census.gov,Male,117.79.50.142
908,Roarke,Casotti,rcasottip7@ning.com,Male,237.2.53.29
909,Mikael,Friedenbach,mfriedenbachp8@disqus.com,Male,72.19.193.242
910,Chrissy,Frise,cfrisep9@census.gov,Male,60.53.158.6
911,Jobie,Anan,jananpa@dyndns.org,Female,132.143.27.231
912,Joseph,Venour,jvenourpb@dyndns.org,Male,125.168.111.35
913,Latrena,Lufkin,llufkinpc@geocities.jp,Female,40.231.168.88
914,Donn,Simondson,dsimondsonpd@buzzfeed.com,Male,64.43.56.99
915,Ronnie,Phettiplace,rphettiplacepe@ftc.gov,Female,194.122.83.139
916,Stacy,Franc,sfrancpf@noaa.gov,Female,107.184.63.48
917,Frans,Sussans,fsussanspg@hao123.com,Male,219.191.141.41
918,Fayette,Lingfoot,flingfootph@uiuc.edu,Female,40.220.160.164
919,Mill,Mealand,mmealandpi@behance.net,Polygender,41.222.231.197
920,Shane,Barkas,sbarkaspj@about.com,Female,245.64.88.97
921,Alasdair,Capron,acapronpk@mit.edu,Male,239.96.191.50
922,Vannie,Laycock,vlaycockpl@house.gov,Female,236.126.71.92
923,Brittan,Redmore,bredmorepm@cdbaby.com,Bigender,203.27.105.233
924,Bettye,Ledgeway,bledgewaypn@discuz.net,Female,101.46.140.85
925,Horst,Zmitrichenko,hzmitrichenkopo@netlog.com,Male,89.3.74.145
926,Rayshell,Brion,rbrionpp@nhs.uk,Female,71.107.139.3
927,Isidor,Charpin,icharpinpq@sitemeter.com,Male,99.48.109.249
928,Taddeusz,Southerden,tsoutherdenpr@amazonaws.com,Male,15.51.208.29
929,Arthur,Veitch,aveitchps@senate.gov,Male,168.120.131.142
930,Corney,Querree,cquerreept@hibu.com,Bigender,119.203.197.104
931,Danella,Metterick,dmetterickpu@usa.gov,Female,86.174.42.30
932,Stanly,Lamberton,slambertonpv@pbs.org,Male,150.89.119.203
933,Silvano,Beckson,sbecksonpw@unicef.org,Agender,4.193.236.165
934,Sean,Soldi,ssoldipx@epa.gov,Female,67.127.111.154
935,Ailee,Dooney,adooneypy@cnn.com,Female,251.200.62.133
936,Pernell,Sidry,psidrypz@hhs.gov,Genderqueer,128.177.68.165
937,Gabbey,Gershom,ggershomq0@pinterest.com,Female,140.202.118.244
938,Emilio,Strognell,estrognellq1@issuu.com,Male,95.191.184.125
939,Fairleigh,Mcwhinney,fmcwhinneyq2@ustream.tv,Male,19.169.28.177
940,Nita,Heskins,nheskinsq3@toplist.cz,Female,174.219.251.178
941,Cloe,Francomb,cfrancombq4@microsoft.com,Female,201.31.250.178
942,Quent,Lope,qlopeq5@nyu.edu,Male,171.216.112.9
943,Yardley,Kerton,ykertonq6@opera.com,Male,125.190.151.41
944,Nicky,Kidgell,nkidgellq7@bandcamp.com,Female,1.100.221.217
945,Josias,Pixton,jpixtonq8@devhub.com,Male,251.252.113.88
946,Parker,Cassels,pcasselsq9@ca.gov,Male,237.99.8.47
947,Beltran,Snasel,bsnaselqa@hexun.com,Male,86.77.55.250
948,Cleon,Merali,cmeraliqb@army.mil,Non-binary,45.84.21.32
949,Bartel,Battill,bbattillqc@msu.edu,Male,218.9.109.8
950,Christoper,Dongall,cdongallqd@histats.com,Male,210.28.4.85
951,Burnard,Peteri,bpeteriqe@paypal.com,Male,103.175.99.74
952,Charline,Kerwen,ckerwenqf@google.nl,Female,12.222.100.92
953,Ryann,Diglin,rdiglinqg@apple.com,Bigender,33.50.54.206
954,Carlen,Adaway,cadawayqh@state.gov,Female,137.240.209.199
955,Edwin,Padley,epadleyqi@google.nl,Non-binary,225.22.171.166
956,Warde,Rapi,wrapiqj@vinaora.com,Male,62.80.243.188
957,Toddy,Blaxland,tblaxlandqk@buzzfeed.com,Male,125.10.251.176
958,Leon,Meacher,lmeacherql@umn.edu,Male,78.154.52.197
959,Vlad,Ianittello,vianittelloqm@histats.com,Male,11.21.208.121
960,Mei,Salack,msalackqn@ehow.com,Female,107.191.82.107
961,Smith,Kleszinski,skleszinskiqo@google.de,Polygender,36.152.219.210
962,Giorgia,Camilletti,gcamillettiqp@nih.gov,Female,21.149.228.215
963,Fritz,Eddy,feddyqq@boston.com,Male,190.196.20.150
964,Edith,Yandell,eyandellqr@gnu.org,Female,178.46.107.42
965,Nickola,Flather,nflatherqs@nhs.uk,Male,57.2.199.231
966,Damon,Siret,dsiretqt@histats.com,Agender,31.110.71.14
967,Yasmeen,Rowantree,yrowantreequ@china.com.cn,Female,46.39.71.220
968,Cristin,Bennie,cbennieqv@guardian.co.uk,Female,34.211.112.200
969,Elysee,Pinchin,epinchinqw@hibu.com,Female,138.227.56.246
970,Bendicty,Danzey,bdanzeyqx@cpanel.net,Male,231.172.158.91
971,Rem,Ridgers,rridgersqy@shareasale.com,Male,102.105.175.238
972,Beniamino,Wayman,bwaymanqz@studiopress.com,Male,1.167.205.83
973,Ronnie,Ybarra,rybarrar0@posterous.com,Male,29.37.14.184
974,Ida,Rummer,irummerr1@google.com.au,Female,233.224.237.101
975,Bink,Boik,bboikr2@hugedomains.com,Male,33.98.66.244
976,Lesya,Craighall,lcraighallr3@vimeo.com,Female,255.167.95.104
977,Georgiana,McConnulty,gmcconnultyr4@51.la,Bigender,173.26.164.98
978,Carmelita,Basile,cbasiler5@elegantthemes.com,Female,40.25.125.169
979,Yank,Cordova,ycordovar6@yellowbook.com,Male,218.161.89.48
980,Roderigo,Costen,rcostenr7@loc.gov,Male,82.37.82.106
981,Doris,Waskett,dwaskettr8@google.pl,Female,72.130.31.78
982,Anderea,Ousley,aousleyr9@macromedia.com,Female,185.40.111.109
983,Cathryn,Plevey,cpleveyra@ted.com,Female,223.190.83.185
984,Anastasie,Lovstrom,alovstromrb@apple.com,Genderqueer,210.132.138.158
985,Cordie,Eakens,ceakensrc@microsoft.com,Male,208.112.184.97
986,Camile,MacMaster,cmacmasterrd@constantcontact.com,Female,44.156.165.62
987,Curry,Cutajar,ccutajarre@patch.com,Male,250.231.180.231
988,Waylin,Minghi,wminghirf@squidoo.com,Male,112.99.33.154
989,Zacharia,Gatchel,zgatchelrg@wired.com,Male,115.180.110.231
990,Kiele,Lettington,klettingtonrh@ifeng.com,Polygender,66.62.0.217
991,Thorsten,Stalman,tstalmanri@dmoz.org,Bigender,248.246.26.99
992,Herbert,Worthy,hworthyrj@furl.net,Male,35.19.54.21
993,Trever,Koch,tkochrk@shareasale.com,Genderfluid,165.183.65.153
994,Annabell,Odo,aodorl@cisco.com,Female,254.162.238.203
995,Riva,Ivain,rivainrm@hp.com,Female,232.190.210.220
996,Federica,Luney,fluneyrn@bandcamp.com,Female,134.218.86.11
997,Lorettalorna,Bruford,lbrufordro@miitbeian.gov.cn,Polygender,176.233.94.241
998,Sholom,Jobbins,sjobbinsrp@t.co,Male,35.197.129.193
999,Kathe,Redmell,kredmellrq@ebay.co.uk,Female,233.101.192.90
1000,Myca,Buttery,mbutteryrr@behance.net,Male,184.195.6.49
